Modeling case,VSDI ,VSDII,VSDIII,VSDIV,AG1,AG2,IFM ,SF,plddt full,plddt VSDI,plddt VSDII,plddt VSDIII,plddt VSDIV,plddt AG,plddt IFM,plddt SF,plddt partner,List of reference pdbs,
NaV1.1 ,A165 CA - A216 CA ,A811 CA - A859 CA ,A1263 CA - A1313 CA ,A1584 CA - A1636 CA ,A419 CA - A1479 CA,A988 CA - A1782 CA ,A1499 CA - A1672 CA ,A382 CA - A1432 CA ,"A19-280,A314-470,A737-1040,A1200-1945",A116-230,A752-873,A1200-1330,A1529-1653,"A418-420,A987-989,A1478-1480,A1781-1783",A1498-1500,"A380-384,A948-953,A1429-1434,A1722-1726",NA,7DTD,
NaV1.2,A166 CA - A217 CA ,A802 CA - A850 CA ,A1253 CA - A1303 CA ,A1574 CA - A1626 CA ,A421 CA - A1469 CA,A979 CA - A1772 CA ,A1489 CA - A1662 CA ,A384 CA - A1422 CA ,"A11-284,A316-467,A727-1026,A1192-1926",A117-231,A743-863,A1190-1320,A1519-1643,"A420-422,A978-980,A1468-1470,A1771-1773",A1488-1490,"A382-386,A939-944,A1419-1424,A1712-1716",NA,6J8E,
NaV1.3,A165 CA - A216 CA ,A803 CA - A851 CA ,A1251 CA - A1301 CA ,A1569 CA - A1621 CA ,A420 CA - A1464 CA,A980 CA - A1767 CA ,A1484 CA - A1657 CA ,A383 CA - A1417 CA ,"A10-283,A315-465,A728-1027,A1187-1921",A116-230,A744-865,A1188-1318,A1514-1638,"A419-421,A979-981,A1463-1465,A1766-1768",A1483-1485,"A381-385,A940-945,A1414-1419,A1707-1711",NA,"7W7F,7W77",
NaV1.4,A168 CA - A219 CA ,A621 CA - A669 CA ,A1076 CA - A1126 CA ,A1396 CA - A1448 CA ,A443 CA - A1291 CA,A798 CA - A1594 CA ,A1311 CA - A1484 CA ,A406 CA - A1244 CA ,"A14-283,A338-487,A547-844,A1013-1756",A119-233,A562-683,A1013-1143,A1341-1465,"A442-444,A797-799,A1290-1292,A1593-1595",A1310-1312,"A404-408,A758-763,A1241-1246,A1534-1538",NA,6AGF,
NaV1.5,A168 CA - A219 CA ,A760 CA - A808 CA ,A1250 CA - A1300 CA ,A1571 CA - A1623 CA ,A409 CA - A1466 CA,A935 CA - A1768 CA ,A1486 CA - A1659 CA ,A372 CA - A1419 CA ,"A18-440,A688-975,A1187-1914",A119-233,A701-822,A1189-1317,A1516-1640,"A408-410,A934-936,A1465-1467,A1767-1769",A1485-1487,"A370-374,A895-900,A1416-1421,A1709-1713",NA,"6LQA,7DTC",
NaV1.6,A169 CA - A220 CA,A796 CA - A844 CA,A1243 CA - A1293 CA,A1565 CA - A1617 CA,A407 CA - A1460 CA,A973 CA - A1762 CA,A1480 CA - A1653 CA,A370 CA - A1413 CA,"A12-284,A336-439,A737-1018,A1181-1912",A120-234,A737-858,A1181-1310,A1510-1634,"A406-408,A972-974,A1459-1461,A1761-1763",A1479-1481,"A368-372,A933-938,A1410-1415,A1703-1707",NA,"8FHD,8GZ1,8GZ2",
NaV1.7,A163 CA - A214 CA,A776 CA - A824 CA,A1226 CA - A1276 CA,A1547 CA - A1599 CA,A398 CA - A1442 CA,A953 CA - A1745 CA,A1462 CA - A1635 CA,A361 CA - A1395 CA,"A17-430,A701-991,A1163-1897",A114-228,A717-838,A1169-1293,A1492-1616,"A397-399,A952-954,A1441-1443,A1744-1746",A1461-1463,"A359-363,A913-918,A1392-1397,A1685-1689",NA,7W9K,
NaV1.8,A164 CA - A215 CA,A708 CA - A756 CA,A1197 CA - A1247 CA,A1519 CA - A1573 CA,A393 CA - A1414 CA,A886 CA - A1718 CA,A1434 CA - A1609 CA,A356 CA - A1367 CA,"A18-278,A323-420,A649-931,A1133-1870",A118-229,A649-769,A1140-1264,A1464-1590,"A392-394,A885-887,A1413-1415,A1717-1719",A1433-1435,"A354-358,A846-851,A1364-1369,A1659-1663",NA,"7WE4,7WEL,7WFR,7WFW",
NaV1.9,A170 CA - A222 CA,A620 CA - A670 CA,A1101 CA - A1144 CA,A1409 CA - A1463 CA,A396 CA - A1304 CA,A807 CA - A1600 CA,A1324 CA - A1499 CA,A359 CA - A1257 CA,"A21-417,A561-847,A1037-1748",A117-236,A561-684,A1044-1161,A1354-1480,"A395-397,A806-808,A1303-1305,A1599-1601",A1323-1325,"A357-361,A766-770,A1254-1260,A1549-1553",NA,NA,
NaVX,A155 CA - A206 CA,A544 CA - A596 CA,A979 CA - A1030 CA,A1294 CA - A1343 CA,A390 CA - A1189 CA,A725 CA - A1492 CA,A1209 CA - A1382 CA,A353 CA - A1142 CA,"A15-269,A320-420,A491-760,A918-1640",A106-220,A491-610,A918-1041,A1239-1359,"A389-391,A724-726,A1188-1190,A1491-1493",A1208-1210,"A351-355,A685-690,A1139-1144,A1431-1436",NA,7TJ8,
NaV1.7 + beta1,A163 CA - A214 CA,A776 CA - A824 CA,A1226 CA - A1276 CA,A1547 CA - A1599 CA,A398 CA - A1442 CA,A953 CA - A1745 CA,A1462 CA - A1635 CA,A361 CA - A1395 CA,"A17-430,A701-991,A1163-1897",A114-228,A717-838,A1169-1293,A1492-1616,"A397-399,A952-954,A1441-1443,A1744-1746",A1461-1463,"A359-363,A913-918,A1392-1397,A1685-1689",B21-208,NA,
NaV1.7+beta2,A163 CA - A214 CA,A776 CA - A824 CA,A1226 CA - A1276 CA,A1547 CA - A1599 CA,A398 CA - A1442 CA,A953 CA - A1745 CA,A1462 CA - A1635 CA,A361 CA - A1395 CA,"A17-430,A701-991,A1163-1897",A114-228,A717-838,A1169-1293,A1492-1616,"A397-399,A952-954,A1441-1443,A1744-1746",A1461-1463,"A359-363,A913-918,A1392-1397,A1685-1689",B29-196,NA,
NaV1.7+beta3,A163 CA - A214 CA,A776 CA - A824 CA,A1226 CA - A1276 CA,A1547 CA - A1599 CA,A398 CA - A1442 CA,A953 CA - A1745 CA,A1462 CA - A1635 CA,A361 CA - A1395 CA,"A17-430,A701-991,A1163-1897",A114-228,A717-838,A1169-1293,A1492-1616,"A397-399,A952-954,A1441-1443,A1744-1746",A1461-1463,"A359-363,A913-918,A1392-1397,A1685-1689",B26-199,NA,
NaV1.7+beta4,A163 CA - A214 CA,A776 CA - A824 CA,A1226 CA - A1276 CA,A1547 CA - A1599 CA,A398 CA - A1442 CA,A953 CA - A1745 CA,A1462 CA - A1635 CA,A361 CA - A1395 CA,"A17-430,A701-991,A1163-1897",A114-228,A717-838,A1169-1293,A1492-1616,"A397-399,A952-954,A1441-1443,A1744-1746",A1461-1463,"A359-363,A913-918,A1392-1397,A1685-1689",B39-199,NA,
NaV1.1 + beta1,A165 CA - A216 CA ,A811 CA - A859 CA ,A1263 CA - A1313 CA ,A1584 CA - A1636 CA ,A419 CA - A1479 CA,A988 CA - A1782 CA ,A1499 CA - A1672 CA ,A382 CA - A1432 CA ,"A19-280,A314-470,A737-1040,A1200-1945",A116-230,A752-873,A1200-1330,A1529-1653,"A418-420,A987-989,A1478-1480,A1781-1783",A1498-1500,"A380-384,A948-953,A1429-1434,A1722-1726",B21-208,NA,
NaV1.1+beta2,A165 CA - A216 CA ,A811 CA - A859 CA ,A1263 CA - A1313 CA ,A1584 CA - A1636 CA ,A419 CA - A1479 CA,A988 CA - A1782 CA ,A1499 CA - A1672 CA ,A382 CA - A1432 CA ,"A19-280,A314-470,A737-1040,A1200-1945",A116-230,A752-873,A1200-1330,A1529-1653,"A418-420,A987-989,A1478-1480,A1781-1783",A1498-1500,"A380-384,A948-953,A1429-1434,A1722-1726",B29-196,NA,
NaV1.1+beta3,A165 CA - A216 CA ,A811 CA - A859 CA ,A1263 CA - A1313 CA ,A1584 CA - A1636 CA ,A419 CA - A1479 CA,A988 CA - A1782 CA ,A1499 CA - A1672 CA ,A382 CA - A1432 CA ,"A19-280,A314-470,A737-1040,A1200-1945",A116-230,A752-873,A1200-1330,A1529-1653,"A418-420,A987-989,A1478-1480,A1781-1783",A1498-1500,"A380-384,A948-953,A1429-1434,A1722-1726",B26-199,NA,
NaV1.1+beta4,A165 CA - A216 CA ,A811 CA - A859 CA ,A1263 CA - A1313 CA ,A1584 CA - A1636 CA ,A419 CA - A1479 CA,A988 CA - A1782 CA ,A1499 CA - A1672 CA ,A382 CA - A1432 CA ,"A19-280,A314-470,A737-1040,A1200-1945",A116-230,A752-873,A1200-1330,A1529-1653,"A418-420,A987-989,A1478-1480,A1781-1783",A1498-1500,"A380-384,A948-953,A1429-1434,A1722-1726",B39-199,NA,
NaV1.2+CaM,A166 CA - A217 CA ,A802 CA - A850 CA ,A1253 CA - A1303 CA ,A1574 CA - A1626 CA ,A421 CA - A1469 CA,A979 CA - A1772 CA ,A1489 CA - A1662 CA ,A384 CA - A1422 CA ,"A11-284,A316-467,A727-1026,A1192-1926",A117-231,A743-863,A1190-1320,A1519-1643,"A420-422,A978-980,A1468-1470,A1771-1773",A1488-1490,"A382-386,A939-944,A1419-1424,A1712-1716",B1-149,NA,
NaV1.5+CaM,A168 CA - A219 CA ,A760 CA - A808 CA ,A1250 CA - A1300 CA ,A1571 CA - A1623 CA ,A409 CA - A1466 CA,A935 CA - A1768 CA ,A1486 CA - A1659 CA ,A372 CA - A1419 CA ,"A18-440,A688-975,A1187-1914",A119-233,A701-822,A1189-1317,A1516-1640,"A408-410,A934-936,A1465-1467,A1767-1769",A1485-1487,"A370-374,A895-900,A1416-1421,A1709-1713",B1-149,NA,